{
  "run_id": "20251114_235310",
  "pck_r": 0.0,
  "pck_r_percent": 0,
  "n_train_images": 147,
  "n_val_images": 16,
  "train_share": 0.901840490797546,
  "val_share": 0.09815950920245399,
  "n_manual_localities": 12
}