{
  "run_id": "20251116_000023",
  "pck_r": 1.0,
  "pck_r_percent": 100.0,
  "n_train_images": 167,
  "n_val_images": 19,
  "train_share": 0.8978494623655914,
  "val_share": 0.10215053763440861,
  "n_manual_localities": 14
}